{
  "$schema": "./node_modules/@angular/cli/lib/config/schema.json",
  "project": {
    "version": "1.0.0",
    "name": "meat"
  },
  "apps": [
    {
      "root": "src",
      "outDir": "dist",
      "assets": [
        "assets",
        "favicon.ico"
      ],
      "index": "index.html",
      "main": "main.ts",
      "polyfills": "polyfills.ts",
      "test": "test.ts",
      "tsconfig": "tsconfig.json",
      "testTsconfig": "tsconfig.spec.json",
      "prefix": "mt",
      "mobile":false,
      "styles": [
        "../node_modules/font-awesome/css/font-awesome.min.css",
        "../node_modules/admin-lte/bootstrap/css/bootstrap.min.css",
        "../node_modules/admin-lte/dist/css/AdminLTE.min.css",
        "../node_modules/admin-lte/dist/css/skins/skin-red.min.css",
        "../node_modules/admin-lte/plugins/iCheck/flat/red.css",
        "styles.css"
      ],
      "scripts": [
        "../node_modules/jquery/dist/jquery.min.js",
        "../node_modules/admin-lte/bootstrap/js/bootstrap.min.js",
        "../node_modules/admin-lte/dist/js/app.min.js"
      ],
      "environmentSource": "environments/environment.ts",
      "environments": {
        "dev": "environments/environment.ts",
        "prod": "environments/environment.prod.ts"
      }
    }
  ],
  "addons": [],
  "packages": [],
  "e2e": {
    "protractor": {
      "config": "./protractor.conf.js"
    }
  },
    "lint": [
    {
      "project": "src/tsconfig.app.json"
    },
    {
      "project": "src/tsconfig.spec.json"
    },
    {
      "project": "e2e/tsconfig.e2e.json"
    }
  ],
  "test": {
    "karma": {
      "config": "./karma.conf.js"
    }
  },
  "defaults": {
    "styleExt": "css",
    "prefixInterfaces": false,
    "inline": {
      "style": false,
      "template": false
    },
    "spec": {
      "class": false,
      "component": true,
      "directive": true,
      "module": false,
      "pipe": true,
      "service": true
    }
  }
}
